Publication	SRA sample ID	SRA run ID	Library layout	Age category	Age (days)	Technology	BAM URLs	Origin of sample	Tissue preservation method	Phenotype
Ernst 2019	ERS2575676	ERR2662461,ERR2662462,ERR2662463,ERR2662464,ERR2662465,ERR2662466,ERR2662467,ERR2662468	PAIRED	.	67 days	10XV2	ftp.sra.ebi.ac.uk/vol1/run/ERR266/ERR2662461/do15983_S5_L006.bam,ftp.sra.ebi.ac.uk/vol1/run/ERR266/ERR2662462/do15983_S5_L007.bam,ftp.sra.ebi.ac.uk/vol1/run/ERR266/ERR2662463/do15983_S6_L006.bam,ftp.sra.ebi.ac.uk/vol1/run/ERR266/ERR2662464/do15983_S6_L007.bam,ftp.sra.ebi.ac.uk/vol1/run/ERR266/ERR2662465/do15983_S7_L006.bam,ftp.sra.ebi.ac.uk/vol1/run/ERR266/ERR2662466/do15983_S7_L007.bam,ftp.sra.ebi.ac.uk/vol1/run/ERR266/ERR2662467/do15983_S8_L006.bam,ftp.sra.ebi.ac.uk/vol1/run/ERR266/ERR2662468/do15983_S8_L007.bam	.	.	WT
Ernst 2019	ERS2575677	ERR2662469,ERR2662470,ERR2662471,ERR2662472,ERR2662473,ERR2662474,ERR2662475,ERR2662476	PAIRED	.	67 days	10XV2	ftp.sra.ebi.ac.uk/vol1/run/ERR266/ERR2662469/do15984_S1_L006.bam,ftp.sra.ebi.ac.uk/vol1/run/ERR266/ERR2662470/do15984_S1_L007.bam,ftp.sra.ebi.ac.uk/vol1/run/ERR266/ERR2662471/do15984_S2_L006.bam,ftp.sra.ebi.ac.uk/vol1/run/ERR266/ERR2662472/do15984_S2_L007.bam,ftp.sra.ebi.ac.uk/vol1/run/ERR266/ERR2662473/do15984_S3_L006.bam,ftp.sra.ebi.ac.uk/vol1/run/ERR266/ERR2662474/do15984_S3_L007.bam,ftp.sra.ebi.ac.uk/vol1/run/ERR266/ERR2662475/do15984_S4_L006.bam,ftp.sra.ebi.ac.uk/vol1/run/ERR266/ERR2662476/do15984_S4_L007.bam	.	.	WT
Ernst 2019	ERS2575678	ERR2662477,ERR2662478,ERR2662479,ERR2662480,ERR2662481,ERR2662482,ERR2662483,ERR2662484,ERR2662485,ERR2662486,ERR2662487,ERR2662488,ERR2662489,ERR2662490,ERR2662491,ERR2662492,ERR2662493,ERR2662494,ERR2662495,ERR2662496,ERR2662497,ERR2662498,ERR2662499,ERR2662500,ERR2662501,ERR2662502,ERR2662503,ERR2662504,ERR2662505,ERR2662506,ERR2662507,ERR2662508	PAIRED	.	63 days	10XV2	ftp.sra.ebi.ac.uk/vol1/run/ERR266/ERR2662477/do17622_S1_L001.bam,ftp.sra.ebi.ac.uk/vol1/run/ERR266/ERR2662478/do17622_S1_L002.bam,ftp.sra.ebi.ac.uk/vol1/run/ERR266/ERR2662479/do17622_S1_L003.bam,ftp.sra.ebi.ac.uk/vol1/run/ERR266/ERR2662480/do17622_S1_L004.bam,ftp.sra.ebi.ac.uk/vol1/run/ERR266/ERR2662481/do17622_S1_L005.bam,ftp.sra.ebi.ac.uk/vol1/run/ERR266/ERR2662482/do17622_S1_L006.bam,ftp.sra.ebi.ac.uk/vol1/run/ERR266/ERR2662483/do17622_S1_L007.bam,ftp.sra.ebi.ac.uk/vol1/run/ERR266/ERR2662484/do17622_S1_L008.bam,ftp.sra.ebi.ac.uk/vol1/run/ERR266/ERR2662485/do17622_S2_L001.bam,ftp.sra.ebi.ac.uk/vol1/run/ERR266/ERR2662486/do17622_S2_L002.bam,ftp.sra.ebi.ac.uk/vol1/run/ERR266/ERR2662487/do17622_S2_L003.bam,ftp.sra.ebi.ac.uk/vol1/run/ERR266/ERR2662488/do17622_S2_L004.bam,ftp.sra.ebi.ac.uk/vol1/run/ERR266/ERR2662489/do17622_S2_L005.bam,ftp.sra.ebi.ac.uk/vol1/run/ERR266/ERR2662490/do17622_S2_L006.bam,ftp.sra.ebi.ac.uk/vol1/run/ERR266/ERR2662491/do17622_S2_L007.bam,ftp.sra.ebi.ac.uk/vol1/run/ERR266/ERR2662492/do17622_S2_L008.bam,ftp.sra.ebi.ac.uk/vol1/run/ERR266/ERR2662493/do17622_S3_L001.bam,ftp.sra.ebi.ac.uk/vol1/run/ERR266/ERR2662494/do17622_S3_L002.bam,ftp.sra.ebi.ac.uk/vol1/run/ERR266/ERR2662495/do17622_S3_L003.bam,ftp.sra.ebi.ac.uk/vol1/run/ERR266/ERR2662496/do17622_S3_L004.bam,ftp.sra.ebi.ac.uk/vol1/run/ERR266/ERR2662497/do17622_S3_L005.bam,ftp.sra.ebi.ac.uk/vol1/run/ERR266/ERR2662498/do17622_S3_L006.bam,ftp.sra.ebi.ac.uk/vol1/run/ERR266/ERR2662499/do17622_S3_L007.bam,ftp.sra.ebi.ac.uk/vol1/run/ERR266/ERR2662500/do17622_S3_L008.bam,ftp.sra.ebi.ac.uk/vol1/run/ERR266/ERR2662501/do17622_S4_L001.bam,ftp.sra.ebi.ac.uk/vol1/run/ERR266/ERR2662502/do17622_S4_L002.bam,ftp.sra.ebi.ac.uk/vol1/run/ERR266/ERR2662503/do17622_S4_L003.bam,ftp.sra.ebi.ac.uk/vol1/run/ERR266/ERR2662504/do17622_S4_L004.bam,ftp.sra.ebi.ac.uk/vol1/run/ERR266/ERR2662505/do17622_S4_L005.bam,ftp.sra.ebi.ac.uk/vol1/run/ERR266/ERR2662506/do17622_S4_L006.bam,ftp.sra.ebi.ac.uk/vol1/run/ERR266/ERR2662507/do17622_S4_L007.bam,ftp.sra.ebi.ac.uk/vol1/run/ERR266/ERR2662508/do17622_S4_L008.bam	.	.	WT
Ernst 2019	ERS2575679	ERR2662509,ERR2662510,ERR2662511,ERR2662512,ERR2662513,ERR2662514,ERR2662515,ERR2662516,ERR2662517,ERR2662518,ERR2662519,ERR2662520,ERR2662521,ERR2662522,ERR2662523,ERR2662524,ERR2662525,ERR2662526,ERR2662527,ERR2662528,ERR2662529,ERR2662530,ERR2662531,ERR2662532,ERR2662533,ERR2662534,ERR2662535,ERR2662536,ERR2662537,ERR2662538,ERR2662539,ERR2662540	PAIRED	.	63 days	10XV2	ftp.sra.ebi.ac.uk/vol1/run/ERR266/ERR2662509/do17623_S5_L001.bam,ftp.sra.ebi.ac.uk/vol1/run/ERR266/ERR2662510/do17623_S5_L002.bam,ftp.sra.ebi.ac.uk/vol1/run/ERR266/ERR2662511/do17623_S5_L003.bam,ftp.sra.ebi.ac.uk/vol1/run/ERR266/ERR2662512/do17623_S5_L004.bam,ftp.sra.ebi.ac.uk/vol1/run/ERR266/ERR2662513/do17623_S5_L005.bam,ftp.sra.ebi.ac.uk/vol1/run/ERR266/ERR2662514/do17623_S5_L006.bam,ftp.sra.ebi.ac.uk/vol1/run/ERR266/ERR2662515/do17623_S5_L007.bam,ftp.sra.ebi.ac.uk/vol1/run/ERR266/ERR2662516/do17623_S5_L008.bam,ftp.sra.ebi.ac.uk/vol1/run/ERR266/ERR2662517/do17623_S6_L001.bam,ftp.sra.ebi.ac.uk/vol1/run/ERR266/ERR2662518/do17623_S6_L002.bam,ftp.sra.ebi.ac.uk/vol1/run/ERR266/ERR2662519/do17623_S6_L003.bam,ftp.sra.ebi.ac.uk/vol1/run/ERR266/ERR2662520/do17623_S6_L004.bam,ftp.sra.ebi.ac.uk/vol1/run/ERR266/ERR2662521/do17623_S6_L005.bam,ftp.sra.ebi.ac.uk/vol1/run/ERR266/ERR2662522/do17623_S6_L006.bam,ftp.sra.ebi.ac.uk/vol1/run/ERR266/ERR2662523/do17623_S6_L007.bam,ftp.sra.ebi.ac.uk/vol1/run/ERR266/ERR2662524/do17623_S6_L008.bam,ftp.sra.ebi.ac.uk/vol1/run/ERR266/ERR2662525/do17623_S7_L001.bam,ftp.sra.ebi.ac.uk/vol1/run/ERR266/ERR2662526/do17623_S7_L002.bam,ftp.sra.ebi.ac.uk/vol1/run/ERR266/ERR2662527/do17623_S7_L003.bam,ftp.sra.ebi.ac.uk/vol1/run/ERR266/ERR2662528/do17623_S7_L004.bam,ftp.sra.ebi.ac.uk/vol1/run/ERR266/ERR2662529/do17623_S7_L005.bam,ftp.sra.ebi.ac.uk/vol1/run/ERR266/ERR2662530/do17623_S7_L006.bam,ftp.sra.ebi.ac.uk/vol1/run/ERR266/ERR2662531/do17623_S7_L007.bam,ftp.sra.ebi.ac.uk/vol1/run/ERR266/ERR2662532/do17623_S7_L008.bam,ftp.sra.ebi.ac.uk/vol1/run/ERR266/ERR2662533/do17623_S8_L001.bam,ftp.sra.ebi.ac.uk/vol1/run/ERR266/ERR2662534/do17623_S8_L002.bam,ftp.sra.ebi.ac.uk/vol1/run/ERR266/ERR2662535/do17623_S8_L003.bam,ftp.sra.ebi.ac.uk/vol1/run/ERR266/ERR2662536/do17623_S8_L004.bam,ftp.sra.ebi.ac.uk/vol1/run/ERR266/ERR2662537/do17623_S8_L005.bam,ftp.sra.ebi.ac.uk/vol1/run/ERR266/ERR2662538/do17623_S8_L006.bam,ftp.sra.ebi.ac.uk/vol1/run/ERR266/ERR2662539/do17623_S8_L007.bam,ftp.sra.ebi.ac.uk/vol1/run/ERR266/ERR2662540/do17623_S8_L008.bam	.	.	WT
Ernst 2019	ERS2575680	ERR2662541,ERR2662542,ERR2662543,ERR2662544,ERR2662545,ERR2662546,ERR2662547,ERR2662548,ERR2662549,ERR2662550,ERR2662551,ERR2662552,ERR2662553,ERR2662554,ERR2662555,ERR2662556,ERR2662557,ERR2662558,ERR2662559,ERR2662560,ERR2662561,ERR2662562,ERR2662563,ERR2662564,ERR2662565,ERR2662566,ERR2662567,ERR2662568,ERR2662569,ERR2662570,ERR2662571,ERR2662572	PAIRED	.	67 days	10XV2	ftp.sra.ebi.ac.uk/vol1/run/ERR266/ERR2662541/do17815_S17_L001.bam,ftp.sra.ebi.ac.uk/vol1/run/ERR266/ERR2662542/do17815_S17_L002.bam,ftp.sra.ebi.ac.uk/vol1/run/ERR266/ERR2662543/do17815_S17_L003.bam,ftp.sra.ebi.ac.uk/vol1/run/ERR266/ERR2662544/do17815_S17_L004.bam,ftp.sra.ebi.ac.uk/vol1/run/ERR266/ERR2662545/do17815_S17_L005.bam,ftp.sra.ebi.ac.uk/vol1/run/ERR266/ERR2662546/do17815_S17_L006.bam,ftp.sra.ebi.ac.uk/vol1/run/ERR266/ERR2662547/do17815_S17_L007.bam,ftp.sra.ebi.ac.uk/vol1/run/ERR266/ERR2662548/do17815_S17_L008.bam,ftp.sra.ebi.ac.uk/vol1/run/ERR266/ERR2662549/do17815_S18_L001.bam,ftp.sra.ebi.ac.uk/vol1/run/ERR266/ERR2662550/do17815_S18_L002.bam,ftp.sra.ebi.ac.uk/vol1/run/ERR266/ERR2662551/do17815_S18_L003.bam,ftp.sra.ebi.ac.uk/vol1/run/ERR266/ERR2662552/do17815_S18_L004.bam,ftp.sra.ebi.ac.uk/vol1/run/ERR266/ERR2662553/do17815_S18_L005.bam,ftp.sra.ebi.ac.uk/vol1/run/ERR266/ERR2662554/do17815_S18_L006.bam,ftp.sra.ebi.ac.uk/vol1/run/ERR266/ERR2662555/do17815_S18_L007.bam,ftp.sra.ebi.ac.uk/vol1/run/ERR266/ERR2662556/do17815_S18_L008.bam,ftp.sra.ebi.ac.uk/vol1/run/ERR266/ERR2662557/do17815_S19_L001.bam,ftp.sra.ebi.ac.uk/vol1/run/ERR266/ERR2662558/do17815_S19_L002.bam,ftp.sra.ebi.ac.uk/vol1/run/ERR266/ERR2662559/do17815_S19_L003.bam,ftp.sra.ebi.ac.uk/vol1/run/ERR266/ERR2662560/do17815_S19_L004.bam,ftp.sra.ebi.ac.uk/vol1/run/ERR266/ERR2662561/do17815_S19_L005.bam,ftp.sra.ebi.ac.uk/vol1/run/ERR266/ERR2662562/do17815_S19_L006.bam,ftp.sra.ebi.ac.uk/vol1/run/ERR266/ERR2662563/do17815_S19_L007.bam,ftp.sra.ebi.ac.uk/vol1/run/ERR266/ERR2662564/do17815_S19_L008.bam,ftp.sra.ebi.ac.uk/vol1/run/ERR266/ERR2662565/do17815_S20_L001.bam,ftp.sra.ebi.ac.uk/vol1/run/ERR266/ERR2662566/do17815_S20_L002.bam,ftp.sra.ebi.ac.uk/vol1/run/ERR266/ERR2662567/do17815_S20_L003.bam,ftp.sra.ebi.ac.uk/vol1/run/ERR266/ERR2662568/do17815_S20_L004.bam,ftp.sra.ebi.ac.uk/vol1/run/ERR266/ERR2662569/do17815_S20_L005.bam,ftp.sra.ebi.ac.uk/vol1/run/ERR266/ERR2662570/do17815_S20_L006.bam,ftp.sra.ebi.ac.uk/vol1/run/ERR266/ERR2662571/do17815_S20_L007.bam,ftp.sra.ebi.ac.uk/vol1/run/ERR266/ERR2662572/do17815_S20_L008.bam	.	.	WT
Ernst 2019	ERS2575681	ERR2662573,ERR2662574,ERR2662575,ERR2662576,ERR2662577,ERR2662578,ERR2662579,ERR2662580,ERR2662581,ERR2662582,ERR2662583,ERR2662584,ERR2662585,ERR2662586,ERR2662587,ERR2662588,ERR2662589,ERR2662590,ERR2662591,ERR2662592,ERR2662593,ERR2662594,ERR2662595,ERR2662596,ERR2662597,ERR2662598,ERR2662599,ERR2662600,ERR2662601,ERR2662602,ERR2662603,ERR2662604	PAIRED	.	67 days	10XV2	ftp.sra.ebi.ac.uk/vol1/run/ERR266/ERR2662573/do17816_S13_L001.bam,ftp.sra.ebi.ac.uk/vol1/run/ERR266/ERR2662574/do17816_S13_L002.bam,ftp.sra.ebi.ac.uk/vol1/run/ERR266/ERR2662575/do17816_S13_L003.bam,ftp.sra.ebi.ac.uk/vol1/run/ERR266/ERR2662576/do17816_S13_L004.bam,ftp.sra.ebi.ac.uk/vol1/run/ERR266/ERR2662577/do17816_S13_L005.bam,ftp.sra.ebi.ac.uk/vol1/run/ERR266/ERR2662578/do17816_S13_L006.bam,ftp.sra.ebi.ac.uk/vol1/run/ERR266/ERR2662579/do17816_S13_L007.bam,ftp.sra.ebi.ac.uk/vol1/run/ERR266/ERR2662580/do17816_S13_L008.bam,ftp.sra.ebi.ac.uk/vol1/run/ERR266/ERR2662581/do17816_S14_L001.bam,ftp.sra.ebi.ac.uk/vol1/run/ERR266/ERR2662582/do17816_S14_L002.bam,ftp.sra.ebi.ac.uk/vol1/run/ERR266/ERR2662583/do17816_S14_L003.bam,ftp.sra.ebi.ac.uk/vol1/run/ERR266/ERR2662584/do17816_S14_L004.bam,ftp.sra.ebi.ac.uk/vol1/run/ERR266/ERR2662585/do17816_S14_L005.bam,ftp.sra.ebi.ac.uk/vol1/run/ERR266/ERR2662586/do17816_S14_L006.bam,ftp.sra.ebi.ac.uk/vol1/run/ERR266/ERR2662587/do17816_S14_L007.bam,ftp.sra.ebi.ac.uk/vol1/run/ERR266/ERR2662588/do17816_S14_L008.bam,ftp.sra.ebi.ac.uk/vol1/run/ERR266/ERR2662589/do17816_S15_L001.bam,ftp.sra.ebi.ac.uk/vol1/run/ERR266/ERR2662590/do17816_S15_L002.bam,ftp.sra.ebi.ac.uk/vol1/run/ERR266/ERR2662591/do17816_S15_L003.bam,ftp.sra.ebi.ac.uk/vol1/run/ERR266/ERR2662592/do17816_S15_L004.bam,ftp.sra.ebi.ac.uk/vol1/run/ERR266/ERR2662593/do17816_S15_L005.bam,ftp.sra.ebi.ac.uk/vol1/run/ERR266/ERR2662594/do17816_S15_L006.bam,ftp.sra.ebi.ac.uk/vol1/run/ERR266/ERR2662595/do17816_S15_L007.bam,ftp.sra.ebi.ac.uk/vol1/run/ERR266/ERR2662596/do17816_S15_L008.bam,ftp.sra.ebi.ac.uk/vol1/run/ERR266/ERR2662597/do17816_S16_L001.bam,ftp.sra.ebi.ac.uk/vol1/run/ERR266/ERR2662598/do17816_S16_L002.bam,ftp.sra.ebi.ac.uk/vol1/run/ERR266/ERR2662599/do17816_S16_L003.bam,ftp.sra.ebi.ac.uk/vol1/run/ERR266/ERR2662600/do17816_S16_L004.bam,ftp.sra.ebi.ac.uk/vol1/run/ERR266/ERR2662601/do17816_S16_L005.bam,ftp.sra.ebi.ac.uk/vol1/run/ERR266/ERR2662602/do17816_S16_L006.bam,ftp.sra.ebi.ac.uk/vol1/run/ERR266/ERR2662603/do17816_S16_L007.bam,ftp.sra.ebi.ac.uk/vol1/run/ERR266/ERR2662604/do17816_S16_L008.bam	.	.	WT
Ernst 2019	ERS2575682	ERR2662605,ERR2662606,ERR2662607,ERR2662608,ERR2662609,ERR2662610,ERR2662611,ERR2662612,ERR2662613,ERR2662614,ERR2662615,ERR2662616,ERR2662617,ERR2662618,ERR2662619,ERR2662620,ERR2662621,ERR2662622,ERR2662623,ERR2662624,ERR2662625,ERR2662626,ERR2662627,ERR2662628,ERR2662629,ERR2662630,ERR2662631,ERR2662632,ERR2662633,ERR2662634,ERR2662635,ERR2662636	PAIRED	.	10 days	10XV2	ftp.sra.ebi.ac.uk/vol1/run/ERR266/ERR2662605/do17821_S10_L001.bam,ftp.sra.ebi.ac.uk/vol1/run/ERR266/ERR2662606/do17821_S10_L002.bam,ftp.sra.ebi.ac.uk/vol1/run/ERR266/ERR2662607/do17821_S10_L003.bam,ftp.sra.ebi.ac.uk/vol1/run/ERR266/ERR2662608/do17821_S10_L004.bam,ftp.sra.ebi.ac.uk/vol1/run/ERR266/ERR2662609/do17821_S10_L005.bam,ftp.sra.ebi.ac.uk/vol1/run/ERR266/ERR2662610/do17821_S10_L006.bam,ftp.sra.ebi.ac.uk/vol1/run/ERR266/ERR2662611/do17821_S10_L007.bam,ftp.sra.ebi.ac.uk/vol1/run/ERR266/ERR2662612/do17821_S10_L008.bam,ftp.sra.ebi.ac.uk/vol1/run/ERR266/ERR2662613/do17821_S11_L001.bam,ftp.sra.ebi.ac.uk/vol1/run/ERR266/ERR2662614/do17821_S11_L002.bam,ftp.sra.ebi.ac.uk/vol1/run/ERR266/ERR2662615/do17821_S11_L003.bam,ftp.sra.ebi.ac.uk/vol1/run/ERR266/ERR2662616/do17821_S11_L004.bam,ftp.sra.ebi.ac.uk/vol1/run/ERR266/ERR2662617/do17821_S11_L005.bam,ftp.sra.ebi.ac.uk/vol1/run/ERR266/ERR2662618/do17821_S11_L006.bam,ftp.sra.ebi.ac.uk/vol1/run/ERR266/ERR2662619/do17821_S11_L007.bam,ftp.sra.ebi.ac.uk/vol1/run/ERR266/ERR2662620/do17821_S11_L008.bam,ftp.sra.ebi.ac.uk/vol1/run/ERR266/ERR2662621/do17821_S12_L001.bam,ftp.sra.ebi.ac.uk/vol1/run/ERR266/ERR2662622/do17821_S12_L002.bam,ftp.sra.ebi.ac.uk/vol1/run/ERR266/ERR2662623/do17821_S12_L003.bam,ftp.sra.ebi.ac.uk/vol1/run/ERR266/ERR2662624/do17821_S12_L004.bam,ftp.sra.ebi.ac.uk/vol1/run/ERR266/ERR2662625/do17821_S12_L005.bam,ftp.sra.ebi.ac.uk/vol1/run/ERR266/ERR2662626/do17821_S12_L006.bam,ftp.sra.ebi.ac.uk/vol1/run/ERR266/ERR2662627/do17821_S12_L007.bam,ftp.sra.ebi.ac.uk/vol1/run/ERR266/ERR2662628/do17821_S12_L008.bam,ftp.sra.ebi.ac.uk/vol1/run/ERR266/ERR2662629/do17821_S9_L001.bam,ftp.sra.ebi.ac.uk/vol1/run/ERR266/ERR2662630/do17821_S9_L002.bam,ftp.sra.ebi.ac.uk/vol1/run/ERR266/ERR2662631/do17821_S9_L003.bam,ftp.sra.ebi.ac.uk/vol1/run/ERR266/ERR2662632/do17821_S9_L004.bam,ftp.sra.ebi.ac.uk/vol1/run/ERR266/ERR2662633/do17821_S9_L005.bam,ftp.sra.ebi.ac.uk/vol1/run/ERR266/ERR2662634/do17821_S9_L006.bam,ftp.sra.ebi.ac.uk/vol1/run/ERR266/ERR2662635/do17821_S9_L007.bam,ftp.sra.ebi.ac.uk/vol1/run/ERR266/ERR2662636/do17821_S9_L008.bam	.	.	WT
Ernst 2019	ERS2575683	ERR2662637,ERR2662638,ERR2662639,ERR2662640,ERR2662641,ERR2662642,ERR2662643,ERR2662644,ERR2662645,ERR2662646,ERR2662647,ERR2662648,ERR2662649,ERR2662650,ERR2662651,ERR2662652,ERR2662653,ERR2662654,ERR2662655,ERR2662656,ERR2662657,ERR2662658,ERR2662659,ERR2662660,ERR2662661,ERR2662662,ERR2662663,ERR2662664,ERR2662665,ERR2662666,ERR2662667,ERR2662668	PAIRED	.	20 days	10XV2	ftp.sra.ebi.ac.uk/vol1/run/ERR266/ERR2662637/do17824_S29_L001.bam,ftp.sra.ebi.ac.uk/vol1/run/ERR266/ERR2662638/do17824_S29_L002.bam,ftp.sra.ebi.ac.uk/vol1/run/ERR266/ERR2662639/do17824_S29_L003.bam,ftp.sra.ebi.ac.uk/vol1/run/ERR266/ERR2662640/do17824_S29_L004.bam,ftp.sra.ebi.ac.uk/vol1/run/ERR266/ERR2662641/do17824_S29_L005.bam,ftp.sra.ebi.ac.uk/vol1/run/ERR266/ERR2662642/do17824_S29_L006.bam,ftp.sra.ebi.ac.uk/vol1/run/ERR266/ERR2662643/do17824_S29_L007.bam,ftp.sra.ebi.ac.uk/vol1/run/ERR266/ERR2662644/do17824_S29_L008.bam,ftp.sra.ebi.ac.uk/vol1/run/ERR266/ERR2662645/do17824_S30_L001.bam,ftp.sra.ebi.ac.uk/vol1/run/ERR266/ERR2662646/do17824_S30_L002.bam,ftp.sra.ebi.ac.uk/vol1/run/ERR266/ERR2662647/do17824_S30_L003.bam,ftp.sra.ebi.ac.uk/vol1/run/ERR266/ERR2662648/do17824_S30_L004.bam,ftp.sra.ebi.ac.uk/vol1/run/ERR266/ERR2662649/do17824_S30_L005.bam,ftp.sra.ebi.ac.uk/vol1/run/ERR266/ERR2662650/do17824_S30_L006.bam,ftp.sra.ebi.ac.uk/vol1/run/ERR266/ERR2662651/do17824_S30_L007.bam,ftp.sra.ebi.ac.uk/vol1/run/ERR266/ERR2662652/do17824_S30_L008.bam,ftp.sra.ebi.ac.uk/vol1/run/ERR266/ERR2662653/do17824_S31_L001.bam,ftp.sra.ebi.ac.uk/vol1/run/ERR266/ERR2662654/do17824_S31_L002.bam,ftp.sra.ebi.ac.uk/vol1/run/ERR266/ERR2662655/do17824_S31_L003.bam,ftp.sra.ebi.ac.uk/vol1/run/ERR266/ERR2662656/do17824_S31_L004.bam,ftp.sra.ebi.ac.uk/vol1/run/ERR266/ERR2662657/do17824_S31_L005.bam,ftp.sra.ebi.ac.uk/vol1/run/ERR266/ERR2662658/do17824_S31_L006.bam,ftp.sra.ebi.ac.uk/vol1/run/ERR266/ERR2662659/do17824_S31_L007.bam,ftp.sra.ebi.ac.uk/vol1/run/ERR266/ERR2662660/do17824_S31_L008.bam,ftp.sra.ebi.ac.uk/vol1/run/ERR266/ERR2662661/do17824_S32_L001.bam,ftp.sra.ebi.ac.uk/vol1/run/ERR266/ERR2662662/do17824_S32_L002.bam,ftp.sra.ebi.ac.uk/vol1/run/ERR266/ERR2662663/do17824_S32_L003.bam,ftp.sra.ebi.ac.uk/vol1/run/ERR266/ERR2662664/do17824_S32_L004.bam,ftp.sra.ebi.ac.uk/vol1/run/ERR266/ERR2662665/do17824_S32_L005.bam,ftp.sra.ebi.ac.uk/vol1/run/ERR266/ERR2662666/do17824_S32_L006.bam,ftp.sra.ebi.ac.uk/vol1/run/ERR266/ERR2662667/do17824_S32_L007.bam,ftp.sra.ebi.ac.uk/vol1/run/ERR266/ERR2662668/do17824_S32_L008.bam	.	.	WT
Ernst 2019	ERS2575684	ERR2662669,ERR2662670,ERR2662671,ERR2662672,ERR2662673,ERR2662674,ERR2662675,ERR2662676,ERR2662677,ERR2662678,ERR2662679,ERR2662680,ERR2662681,ERR2662682,ERR2662683,ERR2662684,ERR2662685,ERR2662686,ERR2662687,ERR2662688,ERR2662689,ERR2662690,ERR2662691,ERR2662692,ERR2662693,ERR2662694,ERR2662695,ERR2662696,ERR2662697,ERR2662698,ERR2662699,ERR2662700	PAIRED	.	30 days	10XV2	ftp.sra.ebi.ac.uk/vol1/run/ERR266/ERR2662669/do17825_S21_L001.bam,ftp.sra.ebi.ac.uk/vol1/run/ERR266/ERR2662670/do17825_S21_L002.bam,ftp.sra.ebi.ac.uk/vol1/run/ERR266/ERR2662671/do17825_S21_L003.bam,ftp.sra.ebi.ac.uk/vol1/run/ERR266/ERR2662672/do17825_S21_L004.bam,ftp.sra.ebi.ac.uk/vol1/run/ERR266/ERR2662673/do17825_S21_L005.bam,ftp.sra.ebi.ac.uk/vol1/run/ERR266/ERR2662674/do17825_S21_L006.bam,ftp.sra.ebi.ac.uk/vol1/run/ERR266/ERR2662675/do17825_S21_L007.bam,ftp.sra.ebi.ac.uk/vol1/run/ERR266/ERR2662676/do17825_S21_L008.bam,ftp.sra.ebi.ac.uk/vol1/run/ERR266/ERR2662677/do17825_S22_L001.bam,ftp.sra.ebi.ac.uk/vol1/run/ERR266/ERR2662678/do17825_S22_L002.bam,ftp.sra.ebi.ac.uk/vol1/run/ERR266/ERR2662679/do17825_S22_L003.bam,ftp.sra.ebi.ac.uk/vol1/run/ERR266/ERR2662680/do17825_S22_L004.bam,ftp.sra.ebi.ac.uk/vol1/run/ERR266/ERR2662681/do17825_S22_L005.bam,ftp.sra.ebi.ac.uk/vol1/run/ERR266/ERR2662682/do17825_S22_L006.bam,ftp.sra.ebi.ac.uk/vol1/run/ERR266/ERR2662683/do17825_S22_L007.bam,ftp.sra.ebi.ac.uk/vol1/run/ERR266/ERR2662684/do17825_S22_L008.bam,ftp.sra.ebi.ac.uk/vol1/run/ERR266/ERR2662685/do17825_S23_L001.bam,ftp.sra.ebi.ac.uk/vol1/run/ERR266/ERR2662686/do17825_S23_L002.bam,ftp.sra.ebi.ac.uk/vol1/run/ERR266/ERR2662687/do17825_S23_L003.bam,ftp.sra.ebi.ac.uk/vol1/run/ERR266/ERR2662688/do17825_S23_L004.bam,ftp.sra.ebi.ac.uk/vol1/run/ERR266/ERR2662689/do17825_S23_L005.bam,ftp.sra.ebi.ac.uk/vol1/run/ERR266/ERR2662690/do17825_S23_L006.bam,ftp.sra.ebi.ac.uk/vol1/run/ERR266/ERR2662691/do17825_S23_L007.bam,ftp.sra.ebi.ac.uk/vol1/run/ERR266/ERR2662692/do17825_S23_L008.bam,ftp.sra.ebi.ac.uk/vol1/run/ERR266/ERR2662693/do17825_S24_L001.bam,ftp.sra.ebi.ac.uk/vol1/run/ERR266/ERR2662694/do17825_S24_L002.bam,ftp.sra.ebi.ac.uk/vol1/run/ERR266/ERR2662695/do17825_S24_L003.bam,ftp.sra.ebi.ac.uk/vol1/run/ERR266/ERR2662696/do17825_S24_L004.bam,ftp.sra.ebi.ac.uk/vol1/run/ERR266/ERR2662697/do17825_S24_L005.bam,ftp.sra.ebi.ac.uk/vol1/run/ERR266/ERR2662698/do17825_S24_L006.bam,ftp.sra.ebi.ac.uk/vol1/run/ERR266/ERR2662699/do17825_S24_L007.bam,ftp.sra.ebi.ac.uk/vol1/run/ERR266/ERR2662700/do17825_S24_L008.bam	.	.	WT
Ernst 2019	ERS2575685	ERR2662701,ERR2662702,ERR2662703,ERR2662704,ERR2662705,ERR2662706,ERR2662707,ERR2662708,ERR2662709,ERR2662710,ERR2662711,ERR2662712,ERR2662713,ERR2662714,ERR2662715,ERR2662716,ERR2662717,ERR2662718,ERR2662719,ERR2662720,ERR2662721,ERR2662722,ERR2662723,ERR2662724,ERR2662725,ERR2662726,ERR2662727,ERR2662728,ERR2662729,ERR2662730,ERR2662731,ERR2662732	PAIRED	.	35 days	10XV2	ftp.sra.ebi.ac.uk/vol1/run/ERR266/ERR2662701/do17827_S29_L001.bam,ftp.sra.ebi.ac.uk/vol1/run/ERR266/ERR2662702/do17827_S29_L002.bam,ftp.sra.ebi.ac.uk/vol1/run/ERR266/ERR2662703/do17827_S29_L003.bam,ftp.sra.ebi.ac.uk/vol1/run/ERR266/ERR2662704/do17827_S29_L004.bam,ftp.sra.ebi.ac.uk/vol1/run/ERR266/ERR2662705/do17827_S29_L005.bam,ftp.sra.ebi.ac.uk/vol1/run/ERR266/ERR2662706/do17827_S29_L006.bam,ftp.sra.ebi.ac.uk/vol1/run/ERR266/ERR2662707/do17827_S29_L007.bam,ftp.sra.ebi.ac.uk/vol1/run/ERR266/ERR2662708/do17827_S29_L008.bam,ftp.sra.ebi.ac.uk/vol1/run/ERR266/ERR2662709/do17827_S30_L001.bam,ftp.sra.ebi.ac.uk/vol1/run/ERR266/ERR2662710/do17827_S30_L002.bam,ftp.sra.ebi.ac.uk/vol1/run/ERR266/ERR2662711/do17827_S30_L003.bam,ftp.sra.ebi.ac.uk/vol1/run/ERR266/ERR2662712/do17827_S30_L004.bam,ftp.sra.ebi.ac.uk/vol1/run/ERR266/ERR2662713/do17827_S30_L005.bam,ftp.sra.ebi.ac.uk/vol1/run/ERR266/ERR2662714/do17827_S30_L006.bam,ftp.sra.ebi.ac.uk/vol1/run/ERR266/ERR2662715/do17827_S30_L007.bam,ftp.sra.ebi.ac.uk/vol1/run/ERR266/ERR2662716/do17827_S30_L008.bam,ftp.sra.ebi.ac.uk/vol1/run/ERR266/ERR2662717/do17827_S31_L001.bam,ftp.sra.ebi.ac.uk/vol1/run/ERR266/ERR2662718/do17827_S31_L002.bam,ftp.sra.ebi.ac.uk/vol1/run/ERR266/ERR2662719/do17827_S31_L003.bam,ftp.sra.ebi.ac.uk/vol1/run/ERR266/ERR2662720/do17827_S31_L004.bam,ftp.sra.ebi.ac.uk/vol1/run/ERR266/ERR2662721/do17827_S31_L005.bam,ftp.sra.ebi.ac.uk/vol1/run/ERR266/ERR2662722/do17827_S31_L006.bam,ftp.sra.ebi.ac.uk/vol1/run/ERR266/ERR2662723/do17827_S31_L007.bam,ftp.sra.ebi.ac.uk/vol1/run/ERR266/ERR2662724/do17827_S31_L008.bam,ftp.sra.ebi.ac.uk/vol1/run/ERR266/ERR2662725/do17827_S32_L001.bam,ftp.sra.ebi.ac.uk/vol1/run/ERR266/ERR2662726/do17827_S32_L002.bam,ftp.sra.ebi.ac.uk/vol1/run/ERR266/ERR2662727/do17827_S32_L003.bam,ftp.sra.ebi.ac.uk/vol1/run/ERR266/ERR2662728/do17827_S32_L004.bam,ftp.sra.ebi.ac.uk/vol1/run/ERR266/ERR2662729/do17827_S32_L005.bam,ftp.sra.ebi.ac.uk/vol1/run/ERR266/ERR2662730/do17827_S32_L006.bam,ftp.sra.ebi.ac.uk/vol1/run/ERR266/ERR2662731/do17827_S32_L007.bam,ftp.sra.ebi.ac.uk/vol1/run/ERR266/ERR2662732/do17827_S32_L008.bam	.	.	WT
Ernst 2019	ERS2575686	ERR2662733,ERR2662734,ERR2662735,ERR2662736,ERR2662737,ERR2662738,ERR2662739,ERR2662740,ERR2662741,ERR2662742,ERR2662743,ERR2662744,ERR2662745,ERR2662746,ERR2662747,ERR2662748,ERR2662749,ERR2662750,ERR2662751,ERR2662752,ERR2662753,ERR2662754,ERR2662755,ERR2662756,ERR2662757,ERR2662758,ERR2662759,ERR2662760,ERR2662761,ERR2662762,ERR2662763,ERR2662764	PAIRED	.	15 days	10XV2	ftp.sra.ebi.ac.uk/vol1/run/ERR266/ERR2662733/do18195_S17_L001.bam,ftp.sra.ebi.ac.uk/vol1/run/ERR266/ERR2662734/do18195_S17_L002.bam,ftp.sra.ebi.ac.uk/vol1/run/ERR266/ERR2662735/do18195_S17_L003.bam,ftp.sra.ebi.ac.uk/vol1/run/ERR266/ERR2662736/do18195_S17_L004.bam,ftp.sra.ebi.ac.uk/vol1/run/ERR266/ERR2662737/do18195_S17_L005.bam,ftp.sra.ebi.ac.uk/vol1/run/ERR266/ERR2662738/do18195_S17_L006.bam,ftp.sra.ebi.ac.uk/vol1/run/ERR266/ERR2662739/do18195_S17_L007.bam,ftp.sra.ebi.ac.uk/vol1/run/ERR266/ERR2662740/do18195_S17_L008.bam,ftp.sra.ebi.ac.uk/vol1/run/ERR266/ERR2662741/do18195_S18_L001.bam,ftp.sra.ebi.ac.uk/vol1/run/ERR266/ERR2662742/do18195_S18_L002.bam,ftp.sra.ebi.ac.uk/vol1/run/ERR266/ERR2662743/do18195_S18_L003.bam,ftp.sra.ebi.ac.uk/vol1/run/ERR266/ERR2662744/do18195_S18_L004.bam,ftp.sra.ebi.ac.uk/vol1/run/ERR266/ERR2662745/do18195_S18_L005.bam,ftp.sra.ebi.ac.uk/vol1/run/ERR266/ERR2662746/do18195_S18_L006.bam,ftp.sra.ebi.ac.uk/vol1/run/ERR266/ERR2662747/do18195_S18_L007.bam,ftp.sra.ebi.ac.uk/vol1/run/ERR266/ERR2662748/do18195_S18_L008.bam,ftp.sra.ebi.ac.uk/vol1/run/ERR266/ERR2662749/do18195_S19_L001.bam,ftp.sra.ebi.ac.uk/vol1/run/ERR266/ERR2662750/do18195_S19_L002.bam,ftp.sra.ebi.ac.uk/vol1/run/ERR266/ERR2662751/do18195_S19_L003.bam,ftp.sra.ebi.ac.uk/vol1/run/ERR266/ERR2662752/do18195_S19_L004.bam,ftp.sra.ebi.ac.uk/vol1/run/ERR266/ERR2662753/do18195_S19_L005.bam,ftp.sra.ebi.ac.uk/vol1/run/ERR266/ERR2662754/do18195_S19_L006.bam,ftp.sra.ebi.ac.uk/vol1/run/ERR266/ERR2662755/do18195_S19_L007.bam,ftp.sra.ebi.ac.uk/vol1/run/ERR266/ERR2662756/do18195_S19_L008.bam,ftp.sra.ebi.ac.uk/vol1/run/ERR266/ERR2662757/do18195_S20_L001.bam,ftp.sra.ebi.ac.uk/vol1/run/ERR266/ERR2662758/do18195_S20_L002.bam,ftp.sra.ebi.ac.uk/vol1/run/ERR266/ERR2662759/do18195_S20_L003.bam,ftp.sra.ebi.ac.uk/vol1/run/ERR266/ERR2662760/do18195_S20_L004.bam,ftp.sra.ebi.ac.uk/vol1/run/ERR266/ERR2662761/do18195_S20_L005.bam,ftp.sra.ebi.ac.uk/vol1/run/ERR266/ERR2662762/do18195_S20_L006.bam,ftp.sra.ebi.ac.uk/vol1/run/ERR266/ERR2662763/do18195_S20_L007.bam,ftp.sra.ebi.ac.uk/vol1/run/ERR266/ERR2662764/do18195_S20_L008.bam	.	.	WT
Ernst 2019	ERS2575687	ERR2662765,ERR2662766,ERR2662767,ERR2662768,ERR2662769,ERR2662770,ERR2662771,ERR2662772,ERR2662773,ERR2662774,ERR2662775,ERR2662776,ERR2662777,ERR2662778,ERR2662779,ERR2662780,ERR2662781,ERR2662782,ERR2662783,ERR2662784,ERR2662785,ERR2662786,ERR2662787,ERR2662788,ERR2662789,ERR2662790,ERR2662791,ERR2662792,ERR2662793,ERR2662794,ERR2662795,ERR2662796	PAIRED	.	25 days	10XV2	ftp.sra.ebi.ac.uk/vol1/run/ERR266/ERR2662765/do18196_S13_L001.bam,ftp.sra.ebi.ac.uk/vol1/run/ERR266/ERR2662766/do18196_S13_L002.bam,ftp.sra.ebi.ac.uk/vol1/run/ERR266/ERR2662767/do18196_S13_L003.bam,ftp.sra.ebi.ac.uk/vol1/run/ERR266/ERR2662768/do18196_S13_L004.bam,ftp.sra.ebi.ac.uk/vol1/run/ERR266/ERR2662769/do18196_S13_L005.bam,ftp.sra.ebi.ac.uk/vol1/run/ERR266/ERR2662770/do18196_S13_L006.bam,ftp.sra.ebi.ac.uk/vol1/run/ERR266/ERR2662771/do18196_S13_L007.bam,ftp.sra.ebi.ac.uk/vol1/run/ERR266/ERR2662772/do18196_S13_L008.bam,ftp.sra.ebi.ac.uk/vol1/run/ERR266/ERR2662773/do18196_S14_L001.bam,ftp.sra.ebi.ac.uk/vol1/run/ERR266/ERR2662774/do18196_S14_L002.bam,ftp.sra.ebi.ac.uk/vol1/run/ERR266/ERR2662775/do18196_S14_L003.bam,ftp.sra.ebi.ac.uk/vol1/run/ERR266/ERR2662776/do18196_S14_L004.bam,ftp.sra.ebi.ac.uk/vol1/run/ERR266/ERR2662777/do18196_S14_L005.bam,ftp.sra.ebi.ac.uk/vol1/run/ERR266/ERR2662778/do18196_S14_L006.bam,ftp.sra.ebi.ac.uk/vol1/run/ERR266/ERR2662779/do18196_S14_L007.bam,ftp.sra.ebi.ac.uk/vol1/run/ERR266/ERR2662780/do18196_S14_L008.bam,ftp.sra.ebi.ac.uk/vol1/run/ERR266/ERR2662781/do18196_S15_L001.bam,ftp.sra.ebi.ac.uk/vol1/run/ERR266/ERR2662782/do18196_S15_L002.bam,ftp.sra.ebi.ac.uk/vol1/run/ERR266/ERR2662783/do18196_S15_L003.bam,ftp.sra.ebi.ac.uk/vol1/run/ERR266/ERR2662784/do18196_S15_L004.bam,ftp.sra.ebi.ac.uk/vol1/run/ERR266/ERR2662785/do18196_S15_L005.bam,ftp.sra.ebi.ac.uk/vol1/run/ERR266/ERR2662786/do18196_S15_L006.bam,ftp.sra.ebi.ac.uk/vol1/run/ERR266/ERR2662787/do18196_S15_L007.bam,ftp.sra.ebi.ac.uk/vol1/run/ERR266/ERR2662788/do18196_S15_L008.bam,ftp.sra.ebi.ac.uk/vol1/run/ERR266/ERR2662789/do18196_S16_L001.bam,ftp.sra.ebi.ac.uk/vol1/run/ERR266/ERR2662790/do18196_S16_L002.bam,ftp.sra.ebi.ac.uk/vol1/run/ERR266/ERR2662791/do18196_S16_L003.bam,ftp.sra.ebi.ac.uk/vol1/run/ERR266/ERR2662792/do18196_S16_L004.bam,ftp.sra.ebi.ac.uk/vol1/run/ERR266/ERR2662793/do18196_S16_L005.bam,ftp.sra.ebi.ac.uk/vol1/run/ERR266/ERR2662794/do18196_S16_L006.bam,ftp.sra.ebi.ac.uk/vol1/run/ERR266/ERR2662795/do18196_S16_L007.bam,ftp.sra.ebi.ac.uk/vol1/run/ERR266/ERR2662796/do18196_S16_L008.bam	.	.	WT
Ernst 2019	ERS2575688	ERR2662797,ERR2662798,ERR2662799,ERR2662800,ERR2662801,ERR2662802,ERR2662803,ERR2662804,ERR2662805,ERR2662806,ERR2662807,ERR2662808,ERR2662809,ERR2662810,ERR2662811,ERR2662812,ERR2662813,ERR2662814,ERR2662815,ERR2662816,ERR2662817,ERR2662818,ERR2662819,ERR2662820,ERR2662821,ERR2662822,ERR2662823,ERR2662824,ERR2662825,ERR2662826,ERR2662827,ERR2662828	PAIRED	.	61 days	10XV2	ftp.sra.ebi.ac.uk/vol1/run/ERR266/ERR2662797/do18197_S25_L001.bam,ftp.sra.ebi.ac.uk/vol1/run/ERR266/ERR2662798/do18197_S25_L002.bam,ftp.sra.ebi.ac.uk/vol1/run/ERR266/ERR2662799/do18197_S25_L003.bam,ftp.sra.ebi.ac.uk/vol1/run/ERR266/ERR2662800/do18197_S25_L004.bam,ftp.sra.ebi.ac.uk/vol1/run/ERR266/ERR2662801/do18197_S25_L005.bam,ftp.sra.ebi.ac.uk/vol1/run/ERR266/ERR2662802/do18197_S25_L006.bam,ftp.sra.ebi.ac.uk/vol1/run/ERR266/ERR2662803/do18197_S25_L007.bam,ftp.sra.ebi.ac.uk/vol1/run/ERR266/ERR2662804/do18197_S25_L008.bam,ftp.sra.ebi.ac.uk/vol1/run/ERR266/ERR2662805/do18197_S26_L001.bam,ftp.sra.ebi.ac.uk/vol1/run/ERR266/ERR2662806/do18197_S26_L002.bam,ftp.sra.ebi.ac.uk/vol1/run/ERR266/ERR2662807/do18197_S26_L003.bam,ftp.sra.ebi.ac.uk/vol1/run/ERR266/ERR2662808/do18197_S26_L004.bam,ftp.sra.ebi.ac.uk/vol1/run/ERR266/ERR2662809/do18197_S26_L005.bam,ftp.sra.ebi.ac.uk/vol1/run/ERR266/ERR2662810/do18197_S26_L006.bam,ftp.sra.ebi.ac.uk/vol1/run/ERR266/ERR2662811/do18197_S26_L007.bam,ftp.sra.ebi.ac.uk/vol1/run/ERR266/ERR2662812/do18197_S26_L008.bam,ftp.sra.ebi.ac.uk/vol1/run/ERR266/ERR2662813/do18197_S27_L001.bam,ftp.sra.ebi.ac.uk/vol1/run/ERR266/ERR2662814/do18197_S27_L002.bam,ftp.sra.ebi.ac.uk/vol1/run/ERR266/ERR2662815/do18197_S27_L003.bam,ftp.sra.ebi.ac.uk/vol1/run/ERR266/ERR2662816/do18197_S27_L004.bam,ftp.sra.ebi.ac.uk/vol1/run/ERR266/ERR2662817/do18197_S27_L005.bam,ftp.sra.ebi.ac.uk/vol1/run/ERR266/ERR2662818/do18197_S27_L006.bam,ftp.sra.ebi.ac.uk/vol1/run/ERR266/ERR2662819/do18197_S27_L007.bam,ftp.sra.ebi.ac.uk/vol1/run/ERR266/ERR2662820/do18197_S27_L008.bam,ftp.sra.ebi.ac.uk/vol1/run/ERR266/ERR2662821/do18197_S28_L001.bam,ftp.sra.ebi.ac.uk/vol1/run/ERR266/ERR2662822/do18197_S28_L002.bam,ftp.sra.ebi.ac.uk/vol1/run/ERR266/ERR2662823/do18197_S28_L003.bam,ftp.sra.ebi.ac.uk/vol1/run/ERR266/ERR2662824/do18197_S28_L004.bam,ftp.sra.ebi.ac.uk/vol1/run/ERR266/ERR2662825/do18197_S28_L005.bam,ftp.sra.ebi.ac.uk/vol1/run/ERR266/ERR2662826/do18197_S28_L006.bam,ftp.sra.ebi.ac.uk/vol1/run/ERR266/ERR2662827/do18197_S28_L007.bam,ftp.sra.ebi.ac.uk/vol1/run/ERR266/ERR2662828/do18197_S28_L008.bam	.	.	WT
Ernst 2019	ERS2575689	ERR2662829,ERR2662830,ERR2662831,ERR2662832,ERR2662833,ERR2662834,ERR2662835,ERR2662836,ERR2662837,ERR2662838,ERR2662839,ERR2662840,ERR2662841,ERR2662842,ERR2662843,ERR2662844,ERR2662845,ERR2662846,ERR2662847,ERR2662848,ERR2662849,ERR2662850,ERR2662851,ERR2662852,ERR2662853,ERR2662854,ERR2662855,ERR2662856,ERR2662857,ERR2662858,ERR2662859,ERR2662860	PAIRED	.	61 days	10XV2	ftp.sra.ebi.ac.uk/vol1/run/ERR266/ERR2662829/do18198_S21_L001.bam,ftp.sra.ebi.ac.uk/vol1/run/ERR266/ERR2662830/do18198_S21_L002.bam,ftp.sra.ebi.ac.uk/vol1/run/ERR266/ERR2662831/do18198_S21_L003.bam,ftp.sra.ebi.ac.uk/vol1/run/ERR266/ERR2662832/do18198_S21_L004.bam,ftp.sra.ebi.ac.uk/vol1/run/ERR266/ERR2662833/do18198_S21_L005.bam,ftp.sra.ebi.ac.uk/vol1/run/ERR266/ERR2662834/do18198_S21_L006.bam,ftp.sra.ebi.ac.uk/vol1/run/ERR266/ERR2662835/do18198_S21_L007.bam,ftp.sra.ebi.ac.uk/vol1/run/ERR266/ERR2662836/do18198_S21_L008.bam,ftp.sra.ebi.ac.uk/vol1/run/ERR266/ERR2662837/do18198_S22_L001.bam,ftp.sra.ebi.ac.uk/vol1/run/ERR266/ERR2662838/do18198_S22_L002.bam,ftp.sra.ebi.ac.uk/vol1/run/ERR266/ERR2662839/do18198_S22_L003.bam,ftp.sra.ebi.ac.uk/vol1/run/ERR266/ERR2662840/do18198_S22_L004.bam,ftp.sra.ebi.ac.uk/vol1/run/ERR266/ERR2662841/do18198_S22_L005.bam,ftp.sra.ebi.ac.uk/vol1/run/ERR266/ERR2662842/do18198_S22_L006.bam,ftp.sra.ebi.ac.uk/vol1/run/ERR266/ERR2662843/do18198_S22_L007.bam,ftp.sra.ebi.ac.uk/vol1/run/ERR266/ERR2662844/do18198_S22_L008.bam,ftp.sra.ebi.ac.uk/vol1/run/ERR266/ERR2662845/do18198_S23_L001.bam,ftp.sra.ebi.ac.uk/vol1/run/ERR266/ERR2662846/do18198_S23_L002.bam,ftp.sra.ebi.ac.uk/vol1/run/ERR266/ERR2662847/do18198_S23_L003.bam,ftp.sra.ebi.ac.uk/vol1/run/ERR266/ERR2662848/do18198_S23_L004.bam,ftp.sra.ebi.ac.uk/vol1/run/ERR266/ERR2662849/do18198_S23_L005.bam,ftp.sra.ebi.ac.uk/vol1/run/ERR266/ERR2662850/do18198_S23_L006.bam,ftp.sra.ebi.ac.uk/vol1/run/ERR266/ERR2662851/do18198_S23_L007.bam,ftp.sra.ebi.ac.uk/vol1/run/ERR266/ERR2662852/do18198_S23_L008.bam,ftp.sra.ebi.ac.uk/vol1/run/ERR266/ERR2662853/do18198_S24_L001.bam,ftp.sra.ebi.ac.uk/vol1/run/ERR266/ERR2662854/do18198_S24_L002.bam,ftp.sra.ebi.ac.uk/vol1/run/ERR266/ERR2662855/do18198_S24_L003.bam,ftp.sra.ebi.ac.uk/vol1/run/ERR266/ERR2662856/do18198_S24_L004.bam,ftp.sra.ebi.ac.uk/vol1/run/ERR266/ERR2662857/do18198_S24_L005.bam,ftp.sra.ebi.ac.uk/vol1/run/ERR266/ERR2662858/do18198_S24_L006.bam,ftp.sra.ebi.ac.uk/vol1/run/ERR266/ERR2662859/do18198_S24_L007.bam,ftp.sra.ebi.ac.uk/vol1/run/ERR266/ERR2662860/do18198_S24_L008.bam	.	.	WT
Ernst 2019	ERS2575690	ERR2662861,ERR2662862,ERR2662863,ERR2662864,ERR2662865,ERR2662866,ERR2662867,ERR2662868,ERR2662869,ERR2662870,ERR2662871,ERR2662872,ERR2662873,ERR2662874,ERR2662875,ERR2662876,ERR2662877,ERR2662878,ERR2662879,ERR2662880,ERR2662881,ERR2662882,ERR2662883,ERR2662884,ERR2662885,ERR2662886,ERR2662887,ERR2662888,ERR2662889,ERR2662890,ERR2662891,ERR2662892	PAIRED	.	62 days	10XV2	ftp.sra.ebi.ac.uk/vol1/run/ERR266/ERR2662861/do18199_S29_L001.bam,ftp.sra.ebi.ac.uk/vol1/run/ERR266/ERR2662862/do18199_S29_L002.bam,ftp.sra.ebi.ac.uk/vol1/run/ERR266/ERR2662863/do18199_S29_L003.bam,ftp.sra.ebi.ac.uk/vol1/run/ERR266/ERR2662864/do18199_S29_L004.bam,ftp.sra.ebi.ac.uk/vol1/run/ERR266/ERR2662865/do18199_S29_L005.bam,ftp.sra.ebi.ac.uk/vol1/run/ERR266/ERR2662866/do18199_S29_L006.bam,ftp.sra.ebi.ac.uk/vol1/run/ERR266/ERR2662867/do18199_S29_L007.bam,ftp.sra.ebi.ac.uk/vol1/run/ERR266/ERR2662868/do18199_S29_L008.bam,ftp.sra.ebi.ac.uk/vol1/run/ERR266/ERR2662869/do18199_S30_L001.bam,ftp.sra.ebi.ac.uk/vol1/run/ERR266/ERR2662870/do18199_S30_L002.bam,ftp.sra.ebi.ac.uk/vol1/run/ERR266/ERR2662871/do18199_S30_L003.bam,ftp.sra.ebi.ac.uk/vol1/run/ERR266/ERR2662872/do18199_S30_L004.bam,ftp.sra.ebi.ac.uk/vol1/run/ERR266/ERR2662873/do18199_S30_L005.bam,ftp.sra.ebi.ac.uk/vol1/run/ERR266/ERR2662874/do18199_S30_L006.bam,ftp.sra.ebi.ac.uk/vol1/run/ERR266/ERR2662875/do18199_S30_L007.bam,ftp.sra.ebi.ac.uk/vol1/run/ERR266/ERR2662876/do18199_S30_L008.bam,ftp.sra.ebi.ac.uk/vol1/run/ERR266/ERR2662877/do18199_S31_L001.bam,ftp.sra.ebi.ac.uk/vol1/run/ERR266/ERR2662878/do18199_S31_L002.bam,ftp.sra.ebi.ac.uk/vol1/run/ERR266/ERR2662879/do18199_S31_L003.bam,ftp.sra.ebi.ac.uk/vol1/run/ERR266/ERR2662880/do18199_S31_L004.bam,ftp.sra.ebi.ac.uk/vol1/run/ERR266/ERR2662881/do18199_S31_L005.bam,ftp.sra.ebi.ac.uk/vol1/run/ERR266/ERR2662882/do18199_S31_L006.bam,ftp.sra.ebi.ac.uk/vol1/run/ERR266/ERR2662883/do18199_S31_L007.bam,ftp.sra.ebi.ac.uk/vol1/run/ERR266/ERR2662884/do18199_S31_L008.bam,ftp.sra.ebi.ac.uk/vol1/run/ERR266/ERR2662885/do18199_S32_L001.bam,ftp.sra.ebi.ac.uk/vol1/run/ERR266/ERR2662886/do18199_S32_L002.bam,ftp.sra.ebi.ac.uk/vol1/run/ERR266/ERR2662887/do18199_S32_L003.bam,ftp.sra.ebi.ac.uk/vol1/run/ERR266/ERR2662888/do18199_S32_L004.bam,ftp.sra.ebi.ac.uk/vol1/run/ERR266/ERR2662889/do18199_S32_L005.bam,ftp.sra.ebi.ac.uk/vol1/run/ERR266/ERR2662890/do18199_S32_L006.bam,ftp.sra.ebi.ac.uk/vol1/run/ERR266/ERR2662891/do18199_S32_L007.bam,ftp.sra.ebi.ac.uk/vol1/run/ERR266/ERR2662892/do18199_S32_L008.bam	.	.	WT
Ernst 2019	ERS3000379	ERR3015753,ERR3015754,ERR3015755,ERR3015756	PAIRED	.	5 days	10XV2	ftp.sra.ebi.ac.uk/vol1/run/ERR301/ERR3015753/do26386_S1_L008.bam,ftp.sra.ebi.ac.uk/vol1/run/ERR301/ERR3015754/do26386_S2_L008.bam,ftp.sra.ebi.ac.uk/vol1/run/ERR301/ERR3015755/do26386_S3_L008.bam,ftp.sra.ebi.ac.uk/vol1/run/ERR301/ERR3015756/do26386_S4_L008.bam	.	.	WT
Ernst 2019	ERS3000380	ERR3015757,ERR3015758,ERR3015759,ERR3015760	PAIRED	.	5 days	10XV2	ftp.sra.ebi.ac.uk/vol1/run/ERR301/ERR3015757/do26387_S5_L008.bam,ftp.sra.ebi.ac.uk/vol1/run/ERR301/ERR3015758/do26387_S6_L008.bam,ftp.sra.ebi.ac.uk/vol1/run/ERR301/ERR3015759/do26387_S7_L008.bam,ftp.sra.ebi.ac.uk/vol1/run/ERR301/ERR3015760/do26387_S8_L008.bam	.	.	WT
Green 2018	SRS3097510	SRR6904661,SRR6904662	PAIRED	.	63 days	DROPSEQ	NA	.	.	WT-failure. Sample ST3 (GSM3069441) - no spike-in.
Green 2018	SRS3097511	SRR8601883,SRR8601884	PAIRED	.	63 days	DROPSEQ	NA	.	.	WT. Sample ST2 (GSM3069440) - spike-in with human.
Green 2018	SRS3097512	SRR8601881,SRR8601882	PAIRED	.	63 days	DROPSEQ	NA	.	.	WT. Sample ST1 (GSM3069439) - spike-in with human.
Green 2018	SRS3097513	SRR6904663,SRR6904664	PAIRED	.	63 days	DROPSEQ	NA	.	.	WT-failure. Sample ST4 (GSM3069442) - no spike-in.
Green 2018	SRS3097514	SRR8601887,SRR8601888	PAIRED	.	63 days	DROPSEQ	NA	.	.	WT. Sample ST6 (GSM3069444) - no spike-in.
Green 2018	SRS3097515	SRR8601885,SRR8601886	PAIRED	.	63 days	DROPSEQ	NA	.	.	WT. Sample ST5 (GSM3069443) - no spike-in.
Green 2018	SRS3097516	SRR8601889,SRR8601890	PAIRED	.	56 days	DROPSEQ	NA	.	.	1nDepleted1
Green 2018	SRS3097517	SRR8601891,SRR8601892	PAIRED	.	49 days	DROPSEQ	NA	.	.	1nDepleted2
Green 2018	SRS3097518	SRR8601893,SRR8601894	PAIRED	.	56 days	DROPSEQ	NA	.	.	spermatogonia
Green 2018	SRS3097519	SRR8601895,SRR8601896	PAIRED	.	56 days	DROPSEQ	NA	.	.	spermatogonia
Green 2018	SRS3097520	SRR6904671,SRR6904672	PAIRED	.	56 days	DROPSEQ	NA	.	.	spermatogonia
Green 2018	SRS3097521	SRR8601897,SRR8601898	PAIRED	.	112 days	DROPSEQ	NA	.	.	interstitial
Green 2018	SRS3097526	SRR6904681,SRR6904682	PAIRED	.	63 days	DROPSEQ	NA	.	.	interstitial
Jung 2019	SRS3189000	SRR7026443	PAIRED	.	2 months 21 days	DROPSEQ	NA	.	.	secondary spermatocyte
Jung 2019	SRS3189002	SRR7026444	PAIRED	.	2 months 21 days	DROPSEQ	NA	.	.	spermatid
Jung 2019	SRS3189003	SRR7026442	PAIRED	.	2 months 21 days	DROPSEQ	NA	.	.	primary spermatocyte
Jung 2019	SRS3189004	SRR7026445	PAIRED	.	3 months 21 days	DROPSEQ	NA	.	.	WT
Jung 2019	SRS3189005	SRR7026449	PAIRED	.	5 months 7 days	DROPSEQ	NA	.	.	WT
Jung 2019	SRS3189006	SRR7026451	PAIRED	.	4 months	DROPSEQ	NA	.	.	WT
Jung 2019	SRS3189007	SRR7026450	PAIRED	.	3 months 27 days	DROPSEQ	NA	.	.	WT
Jung 2019	SRS3189008	SRR7026452	PAIRED	.	3 months 1 day	DROPSEQ	NA	.	.	WT
Jung 2019	SRS3189009	SRR7026447	PAIRED	.	4 months	DROPSEQ	NA	.	.	WT
Jung 2019	SRS3189010	SRR7026448	PAIRED	.	5 months 5 days	DROPSEQ	NA	.	.	WT
Jung 2019	SRS3189011	SRR7026453	PAIRED	.	3 months 2 days	DROPSEQ	NA	.	.	WT
Jung 2019	SRS3189012	SRR7026454	PAIRED	.	9 months 14 days	DROPSEQ	NA	.	.	WT
Jung 2019	SRS3189013	SRR7026455	PAIRED	.	7 months 21 days	DROPSEQ	NA	.	.	WT
Jung 2019	SRS3189026	SRR7026446	PAIRED	.	4 months 2 days	DROPSEQ	NA	.	.	WT
Grive 2019	SRS3990943	SRR8958145	PAIRED	.	6 days	10XV2	NA	.	.	WT
Grive 2019	SRS3990942	SRR8958146	PAIRED	.	14 days	10XV2	NA	.	.	WT
Grive 2019	SRS3990944	SRR8958147	PAIRED	.	18 days	10XV2	NA	.	.	WT
Grive 2019	SRS3990945	SRR8958148	PAIRED	.	18 days	10XV2	NA	.	.	WT
Grive 2019	SRS3990946	SRR8958149	PAIRED	.	25 days	10XV2	NA	.	.	WT
Grive 2019	SRS3990947	SRR8958150	PAIRED	.	30 days	10XV2	NA	.	.	WT
Grive 2019	SRS3990948	SRR8958151	PAIRED	.	8 weeks	10XV2	NA	.	.	WT
Grive 2019	SRS3990949	SRR8958152	PAIRED	.	8 weeks	10XV2	NA	.	.	WT
La 2018	SRS3150567	SRR6973074	PAIRED	.	adult (8-10 weeks)	10XV2	https://sra-pub-src-1.s3.amazonaws.com/SRR6973074/1285_possorted_genome_bam.bam.1	.	.	WT
La 2018	SRS3150566	SRR6973076	PAIRED	.	adult (8-10 weeks)	10XV2	https://sra-pub-src-1.s3.amazonaws.com/SRR6973076/1298_possorted_genome_bam.bam.1	.	.	WT
Lukassen 2018	SRS2564611	SRR6129050	PAIRED	.	8 weeks	10XV2	NA	.	.	WT
Lukassen 2018	SRS2564612	SRR6129051	PAIRED	.	8 weeks	10XV2	NA	.	.	WT